Model,Macro Precision,Macro Recall,Macro F1,Micro Precision,Micro Recall,Micro F1,Accuracy
Original,0.5380440302474867,0.5228146317873821,0.5137249998341422,0.5384615384615384,0.5384615384615384,0.5384615384615384,0.5384615384615384
Variant 1,0.5655947927193044,0.5668980633641608,0.5400189156989901,0.5846153846153846,0.5846153846153846,0.5846153846153846,0.5846153846153846
Variant 2,0.5657396929346475,0.569898732945701,0.5648981886280071,0.588034188034188,0.588034188034188,0.588034188034188,0.588034188034188
