Model,Macro Precision,Macro Recall,Macro F1,Micro Precision,Micro Recall,Micro F1,Accuracy
Original,0.5347572362278245,0.5395733778385678,0.5096720147542151,0.558974358974359,0.558974358974359,0.558974358974359,0.558974358974359
Variant 1,0.5589824840691133,0.5514965791250801,0.5517682395418024,0.5675213675213675,0.5675213675213675,0.5675213675213675,0.5675213675213675
Variant 2,0.5676553423693012,0.5606189837812472,0.5466824777628527,0.5811965811965812,0.5811965811965812,0.5811965811965812,0.5811965811965812
